{
  "sizechart": [
    [
      "nike",
      [
        {
          "US (Men's)": [
            "3.5",
            "4",
            "4.5",
            "5",
            "5.5",
            "6",
            "6.5",
            "7",
            "7.5",
            "8",
            "8.5",
            "9",
            "9.5",
            "10",
            "10.5",
            "11",
            "11.5",
            "12",
            "12.5",
            "13",
            "13.5",
            "14",
            "15",
            "16",
            "17",
            "18"
          ],
          "US Women": [
            "5",
            "5.5",
            "6",
            "6.5",
            "7",
            "7.5",
            "8",
            "8.5",
            "9",
            "9.5",
            "10",
            "10.5",
            "11",
            "11.5",
            "12",
            "12.5",
            "13",
            "13.5",
            "14",
            "14.5",
            "15",
            "15.5",
            "16.5",
            "17.5",
            "18.5",
            "19.5"
          ],
          "UK": [
            "3",
            "3.5",
            "4",
            "4.5",
            "5",
            "5.5",
            "6",
            "6",
            "6.5",
            "7",
            "7.5",
            "8",
            "8.5",
            "9",
            "9.5",
            "10",
            "10.5",
            "11",
            "11.5",
            "12",
            "12.5",
            "13",
            "14",
            "15",
            "16",
            "17"
          ],
          "EU": [
            "35.5",
            "36",
            "36.5",
            "37.5",
            "38",
            "38.5",
            "39",
            "40",
            "40.5",
            "41",
            "42",
            "42.5",
            "43",
            "44",
            "44.5",
            "45",
            "45.5",
            "46",
            "47",
            "47.5",
            "48",
            "48.5",
            "49.5",
            "50.5",
            "51.5",
            "52.5"
          ],
          "JP": [
            "22.5",
            "23",
            "23.5",
            "23.5",
            "24",
            "24",
            "24.5",
            "25",
            "25.5",
            "26",
            "26.5",
            "27",
            "27.5",
            "28",
            "28.5",
            "29",
            "29.5",
            "30",
            "30.5",
            "31",
            "31.5",
            "32",
            "33",
            "34",
            "35",
            "36"
          ],
          "KR": [
            "225",
            "230",
            "235",
            "235",
            "240",
            "240",
            "245",
            "250",
            "255",
            "260",
            "265",
            "270",
            "275",
            "280",
            "285",
            "290",
            "295",
            "300",
            "305",
            "310",
            "315",
            "320",
            "330",
            "340",
            "350",
            "360"
          ]
        }
      ]
    ],
    [
      "air jordan",
      [
        {
          "US Mens": [
            "3.5",
            "4",
            "4.5",
            "5",
            "5.5",
            "6",
            "6.5",
            "7",
            "7.5",
            "8",
            "8.5",
            "9",
            "9.5",
            "10",
            "10.5",
            "11",
            "11.5",
            "12",
            "12.5",
            "13",
            "13.5",
            "14",
            "15",
            "16",
            "17",
            "18"
          ],
          "US Women": [
            "5",
            "5.5",
            "6",
            "6.5",
            "7",
            "7.5",
            "8",
            "8.5",
            "9",
            "9.5",
            "10",
            "10.5",
            "11",
            "11.5",
            "12",
            "12.5",
            "13",
            "13.5",
            "14",
            "14.5",
            "15",
            "15.5",
            "16.5",
            "17.5",
            "18.5",
            "19.5"
          ],
          "UK": [
            "3",
            "3.5",
            "4",
            "4.5",
            "5",
            "5.5",
            "6",
            "6",
            "6.5",
            "7",
            "7.5",
            "8",
            "8.5",
            "9",
            "9.5",
            "10",
            "10.5",
            "11",
            "11.5",
            "12",
            "12.5",
            "13",
            "14",
            "15",
            "16",
            "17"
          ],
          "EU": [
            "35.5",
            "36",
            "36.5",
            "37.5",
            "38",
            "38.5",
            "39",
            "40",
            "40.5",
            "41",
            "42",
            "42.5",
            "43",
            "44",
            "44.5",
            "45",
            "45.5",
            "46",
            "47",
            "47.5",
            "48",
            "48.5",
            "49.5",
            "50.5",
            "51.5",
            "52.5"
          ],
          "JP": [
            "22.5",
            "23",
            "23.5",
            "23.5",
            "24",
            "24",
            "24.5",
            "25",
            "25.5",
            "26",
            "26.5",
            "27",
            "27.5",
            "28",
            "28.5",
            "29",
            "29.5",
            "30",
            "30.5",
            "31",
            "31.5",
            "32",
            "33",
            "34",
            "35",
            "36"
          ],
          "KR": [
            "225",
            "230",
            "235",
            "235",
            "240",
            "240",
            "245",
            "250",
            "255",
            "260",
            "265",
            "270",
            "275",
            "280",
            "285",
            "290",
            "295",
            "300",
            "305",
            "310",
            "315",
            "320",
            "330",
            "340",
            "350",
            "360"
          ]
        }
      ]
    ],
    [
      "new balance",
      [
        {
          "US Mens": [
            "4",
            "4.5",
            "5",
            "5.5",
            "6",
            "6.5",
            "7",
            "7.5",
            "8",
            "8.5",
            "9",
            "9.5",
            "10",
            "10.5",
            "11",
            "11.5",
            "12",
            "12.5",
            "13",
            "14",
            "15",
            "16",
            "17",
            "18",
            "19",
            "20"
          ],
          "US Women": [
            "5.5",
            "6",
            "6.5",
            "7",
            "7.5",
            "8",
            "8.5",
            "9",
            "9.5",
            "10",
            "10.5",
            "11",
            "11.5",
            "12",
            "12.5",
            "13",
            "13.5",
            "14",
            "14.5",
            "15.5",
            "16.5",
            "17.5",
            "18.5",
            "19.5",
            "20.5",
            "21.5"
          ],
          "UK": [
            "3.5",
            "4",
            "4.5",
            "5",
            "5.5",
            "6",
            "6.5",
            "7",
            "7.5",
            "8",
            "8.5",
            "9",
            "9.5",
            "10",
            "10.5",
            "11",
            "11.5",
            "12",
            "12.5",
            "13.5",
            "14.5",
            "15.5",
            "16.5",
            "17.5",
            "18.5",
            "19.5"
          ],
          "EU": [
            "36",
            "37",
            "37.5",
            "38",
            "38.5",
            "39.5",
            "40",
            "40.5",
            "41.5",
            "42",
            "42.5",
            "43",
            "44",
            "44.5",
            "45",
            "45.5",
            "46.5",
            "47",
            "47.5",
            "49",
            "50",
            "51",
            "52",
            "53",
            "54",
            "55"
          ],
          "JP": [
            "22",
            "22.5",
            "23",
            "23.5",
            "24",
            "24.5",
            "25",
            "25.5",
            "26",
            "26.5",
            "27",
            "27.5",
            "28",
            "28.5",
            "29",
            "29.5",
            "30",
            "30.5",
            "31",
            "32",
            "33",
            "34",
            "35",
            "36",
            "37",
            "38"
          ],
          "KR": [
            "220",
            "225",
            "230",
            "235",
            "240",
            "245",
            "250",
            "255",
            "260",
            "265",
            "270",
            "275",
            "280",
            "285",
            "290",
            "295",
            "300",
            "305",
            "310",
            "320",
            "330",
            "340",
            "350",
            "360",
            "370",
            "380"
          ]
        }
      ]
    ],
    [
      "vans",
      [
        {
          "US Mens": [
            "3.5",
            "4",
            "4.5",
            "5",
            "5.5",
            "6",
            "6.5",
            "7",
            "7.5",
            "8",
            "8.5",
            "9",
            "9.5",
            "10",
            "10.5",
            "11",
            "11.5",
            "12",
            "13",
            "14",
            "15",
            "16"
          ],
          "US Women": [
            "5",
            "5.5",
            "6",
            "6.5",
            "7",
            "7.5",
            "8",
            "8.5",
            "9",
            "9.5",
            "10",
            "10.5",
            "11",
            "11.5",
            "12",
            "12.5",
            "13",
            "13.5",
            "14.5",
            "15.5",
            "16.5",
            "17.5"
          ],
          "UK": [
            "2.5",
            "3",
            "3.5",
            "4",
            "4.5",
            "5",
            "5.5",
            "6",
            "6.5",
            "7",
            "7.5",
            "8",
            "8.5",
            "9",
            "9.5",
            "10",
            "10.5",
            "11",
            "12",
            "13",
            "14",
            "15"
          ],
          "EU": [
            "34.5",
            "35",
            "36",
            "36.5",
            "37",
            "38",
            "38.5",
            "39",
            "40",
            "40.5",
            "41",
            "42",
            "42.5",
            "43",
            "44",
            "44.5",
            "45",
            "46",
            "47",
            "48",
            "49",
            "50"
          ],
          "JP": [
            "21.5",
            "22",
            "22.5",
            "23",
            "23.5",
            "24",
            "24.5",
            "25",
            "25.5",
            "26",
            "26.5",
            "27",
            "27.5",
            "28",
            "28.5",
            "29",
            "29.5",
            "30",
            "31",
            "32",
            "33",
            "34"
          ],
          "KR": [
            "215",
            "220",
            "225",
            "230",
            "235",
            "240",
            "245",
            "250",
            "255",
            "260",
            "265",
            "270",
            "275",
            "280",
            "285",
            "290",
            "295",
            "300",
            "310",
            "320",
            "330",
            "340"
          ]
        }
      ]
    ],
    [
      "reebok",
      [
        {
          "US Mens": [
            "3.5",
            "4",
            "4.5",
            "5",
            "5.5",
            "6",
            "6.5",
            "7",
            "7.5",
            "8",
            "8.5",
            "9",
            "9.5",
            "10",
            "10.5",
            "11",
            "11.5",
            "12",
            "12.5",
            "13",
            "13.5",
            "14",
            "14.5",
            "15"
          ],
          "US Women": [
            "5",
            "5.5",
            "6",
            "6.5",
            "7",
            "7.5",
            "8",
            "8.5",
            "9",
            "9.5",
            "10",
            "10.5",
            "11",
            "11.5",
            "12",
            "12.5",
            "13",
            "13.5",
            "14",
            "14.5",
            "15",
            "15.5",
            "16",
            "16.5"
          ],
          "UK": [
            "2.5",
            "3",
            "3.5",
            "4",
            "4.5",
            "5",
            "5.5",
            "6",
            "6.5",
            "7",
            "7.5",
            "8",
            "8.5",
            "9",
            "9.5",
            "10",
            "10.5",
            "11",
            "11.5",
            "12",
            "12.5",
            "13",
            "13.5",
            "14"
          ],
          "EU": [
            "34",
            "34.5",
            "35",
            "36",
            "36.5",
            "37.5",
            "38.5",
            "39",
            "40",
            "40.5",
            "41",
            "42",
            "42.5",
            "43",
            "44",
            "44.5",
            "45",
            "45.5",
            "46",
            "47",
            "48",
            "48.5",
            "49",
            "50"
          ],
          "JP": [
            "22.5",
            "23",
            "23.3",
            "23.5",
            "23.6",
            "24",
            "24.5",
            "25",
            "25.5",
            "26",
            "26.5",
            "27",
            "27.5",
            "28",
            "28.5",
            "29",
            "29.5",
            "30",
            "30.5",
            "31",
            "31.5",
            "32",
            "32.5",
            "33"
          ],
          "KR": [
            "225",
            "230",
            "233",
            "235",
            "236",
            "240",
            "245",
            "250",
            "255",
            "260",
            "265",
            "270",
            "275",
            "280",
            "285",
            "290",
            "295",
            "300",
            "305",
            "310",
            "315",
            "320",
            "325",
            "330"
          ]
        }
      ]
    ],
    [
      "asics",
      [
        {
          "US Mens": [
            "4",
            "4.5",
            "5",
            "5.5",
            "6",
            "6.5",
            "7",
            "7.5",
            "8",
            "8.5",
            "9",
            "9.5",
            "10",
            "10.5",
            "11",
            "11.5",
            "12",
            "12.5",
            "13",
            "14",
            "15",
            "16",
            "17",
            "18"
          ],
          "US Women": [
            "5.5",
            "6",
            "6.5",
            "7",
            "7.5",
            "8",
            "8.5",
            "9",
            "9.5",
            "10",
            "10.5",
            "11",
            "11.5",
            "12",
            "12.5",
            "13",
            "13.5",
            "14",
            "14.5",
            "15.5",
            "16.5",
            "17.5",
            "18.5",
            "19.5"
          ],
          "UK": [
            "3",
            "3.5",
            "4",
            "4.5",
            "5",
            "5.5",
            "6",
            "6.5",
            "7",
            "7.5",
            "8",
            "8.5",
            "9",
            "9.5",
            "10",
            "10.5",
            "11",
            "11.5",
            "12",
            "13",
            "14",
            "15",
            "16",
            "17"
          ],
          "EU": [
            "36",
            "37",
            "37.5",
            "38",
            "39",
            "39.5",
            "40",
            "40.5",
            "41.5",
            "42",
            "42.5",
            "43.5",
            "44",
            "44.5",
            "45",
            "46",
            "46.5",
            "47",
            "48",
            "49",
            "50.5",
            "51.5",
            "53",
            "54"
          ],
          "JP": [
            "22.5",
            "23",
            "23.5",
            "24",
            "24.5",
            "25",
            "25.25",
            "25.5",
            "26",
            "26.5",
            "27",
            "27.5",
            "28",
            "28.25",
            "28.5",
            "29",
            "29.5",
            "30",
            "30.5",
            "31",
            "32",
            "33",
            "34",
            "34.5"
          ],
          "KR": [
            "225",
            "230",
            "235",
            "240",
            "245",
            "250",
            "252.5",
            "255",
            "260",
            "265",
            "270",
            "275",
            "280",
            "282.5",
            "285",
            "290",
            "295",
            "300",
            "305",
            "310",
            "320",
            "330",
            "340",
            "345"
          ]
        }
      ]
    ],
    [
      "adidas",
      [
        {
          "US Mens": [
            "US (Men’s)",
            "3.5",
            "4",
            "4.5",
            "5",
            "5.5",
            "6",
            "6.5",
            "7",
            "7.5",
            "8",
            "8.5",
            "9",
            "9.5",
            "10",
            "10.5",
            "11",
            "11.5",
            "12",
            "12.5",
            "13",
            "13.5",
            "14",
            "14.5",
            "15",
            "16",
            "17",
            "18"
          ],
          "US Women": [
            "4.5",
            "5",
            "5.5",
            "6",
            "6.5",
            "7",
            "7.5",
            "8",
            "8.5",
            "9",
            "9.5",
            "10",
            "10.5",
            "11",
            "11.5",
            "12",
            "12.5",
            "13",
            "13.5",
            "14",
            "14.5",
            "15",
            "15.5",
            "16",
            "17",
            "18",
            "19"
          ],
          "UK": [
            "3",
            "3.5",
            "4",
            "4.5",
            "5",
            "5.5",
            "6",
            "6.5",
            "7",
            "7.5",
            "8",
            "8.5",
            "9",
            "9.5",
            "10",
            "10.5",
            "11",
            "11.5",
            "12",
            "12.5",
            "13",
            "13.5",
            "14",
            "14.5",
            "15",
            "16",
            "17"
          ],
          "EU": [
            "35.5",
            "36",
            "36 2/3",
            "37 1/3",
            "38",
            "38 2/3",
            "39 1/3",
            "40",
            "40 2/3",
            "41 1/3",
            "42",
            "42 2/3",
            "43 1/3",
            "44",
            "44 2/3",
            "45 1/3",
            "46",
            "46 2/3",
            "47 1/3",
            "48",
            "48 2/3",
            "49 1/3",
            "50",
            "50 2/3",
            "51 1/3",
            "52 2/3",
            "53 1/3"
          ],
          "JP": [
            "21.5",
            "22",
            "22.5",
            "23",
            "23.5",
            "24",
            "24.5",
            "25",
            "25.5",
            "26",
            "26.5",
            "27",
            "27.5",
            "28",
            "28.5",
            "29",
            "29.5",
            "30",
            "30.5",
            "31",
            "31.5",
            "32",
            "32.5",
            "33",
            "34",
            "35",
            "36"
          ],
          "KR": [
            "215",
            "220",
            "225",
            "230",
            "235",
            "240",
            "245",
            "250",
            "255",
            "260",
            "265",
            "270",
            "275",
            "280",
            "285",
            "290",
            "295",
            "300",
            "305",
            "310",
            "315",
            "320",
            "325",
            "330",
            "340",
            "350",
            "360"
          ]
        }
      ]
    ],
    [
      "puma",
      [
        {
          "US Mens": [
            "4",
            "4.5",
            "5",
            "5.5",
            "6",
            "6.5",
            "7",
            "7.5",
            "8",
            "8.5",
            "9",
            "9.5",
            "10",
            "10.5",
            "11",
            "11.5",
            "12",
            "12.5",
            "13",
            "14",
            "15",
            "16"
          ],
          "US Women": [
            "5.5",
            "6",
            "6.5",
            "7",
            "7.5",
            "8",
            "8.5",
            "9",
            "9.5",
            "10",
            "10.5",
            "11",
            "11.5",
            "12",
            "12.5",
            "13",
            "13.5",
            "14",
            "14.5",
            "15.5",
            "16.5",
            "17.5"
          ],
          "UK": [
            "3",
            "3.5",
            "4",
            "4.5",
            "5",
            "5.5",
            "6",
            "6.5",
            "7",
            "7.5",
            "8",
            "8.5",
            "9",
            "9.5",
            "10",
            "10.5",
            "11",
            "11.5",
            "12",
            "13",
            "14",
            "15"
          ],
          "EU": [
            "35.5",
            "36",
            "37",
            "37.5",
            "38",
            "38.5",
            "39",
            "40",
            "40.5",
            "41",
            "42",
            "42.5",
            "43",
            "44",
            "44.5",
            "45",
            "46",
            "46.5",
            "47",
            "48.5",
            "49.5",
            "51"
          ],
          "JP": [
            "22",
            "22.5",
            "23",
            "23.5",
            "24",
            "24.5",
            "25",
            "25.5",
            "26",
            "26.5",
            "27",
            "27.5",
            "28",
            "28.5",
            "29",
            "29.5",
            "30",
            "30.5",
            "31",
            "32",
            "33",
            "34"
          ],
          "KR": [
            "220",
            "225",
            "230",
            "235",
            "240",
            "245",
            "250",
            "255",
            "260",
            "265",
            "270",
            "275",
            "280",
            "285",
            "290",
            "295",
            "300",
            "305",
            "310",
            "320",
            "330",
            "340"
          ]
        }
      ]
    ]
  ]
}
